{
  "NSL-KDD": {
    "src_bytes": {
      "shap": 0.08519033387063947,
      "pi_rf_mean": 0.30289223104672586,
      "pi_rf_std": 0.03480398149607116
    },
    "service": {
      "shap": 0.04568958315589256,
      "pi_rf_mean": 0.20727823560370345,
      "pi_rf_std": 0.04404169146851601
    },
    "dst_bytes": {
      "shap": 0.062334701016860165,
      "pi_rf_mean": 0.19069412221322563,
      "pi_rf_std": 0.056124320429092156
    },
    "flag": {
      "shap": 0.03686774526683014,
      "pi_rf_mean": 0.09342349493648482,
      "pi_rf_std": 0.06300048524339509
    },
    "diff_srv_rate": {
      "shap": 0.0286631680923616,
      "pi_rf_mean": 0.01620277355618214,
      "pi_rf_std": 0.01561841650956684
    },
    "same_srv_rate": {
      "shap": 0.04118969182822428,
      "pi_rf_mean": 0.061731251748157065,
      "pi_rf_std": 0.052738040525347044
    },
    "dst_host_srv_count": {
      "shap": 0.0493749914697345,
      "pi_rf_mean": 0.15771872301169063,
      "pi_rf_std": 0.038105058306368775
    },
    "dst_host_same_srv_rate": {
      "shap": 0.029800613520522573,
      "pi_rf_mean": 0.15697385899215752,
      "pi_rf_std": 0.04336322367950921
    }
  },
  "Mirai": {
    "n_pkts": {
      "shap": 0.011156527574773136,
      "pi_rf_mean": 0.0005341403664196997,
      "pi_rf_std": 0.00029790726521535514
    },
    "n_bytes": {
      "shap": 0.0903641526907036,
      "pi_rf_mean": 0.0013785068265942057,
      "pi_rf_std": 0.0005315928551241233
    },
    "f_pkts": {
      "shap": 0.00984465805126455,
      "pi_rf_mean": 0.0006711664973063858,
      "pi_rf_std": 0.0003698855394974346
    },
    "f_bytes": {
      "shap": 0.09888165732135981,
      "pi_rf_mean": 0.12686092032473112,
      "pi_rf_std": 0.0034799450179668545
    },
    "b_pkts": {
      "shap": 0.012168744338784596,
      "pi_rf_mean": -0.00024246518077079005,
      "pi_rf_std": 0.0002908236789016529
    },
    "b_bytes": {
      "shap": 0.0107535230845223,
      "pi_rf_mean": 0.0014879962286857506,
      "pi_rf_std": 0.00046252110204711026
    },
    "avg_pkt_size": {
      "shap": 0.1403117760165151,
      "pi_rf_mean": 0.10750698870340507,
      "pi_rf_std": 0.0028538772842731136
    },
    "duration": {
      "shap": 0.030027672996633024,
      "pi_rf_mean": 0.002108355239486903,
      "pi_rf_std": 0.0004990774162912956
    },
    "state": {
      "shap": 0.1489564046135267,
      "pi_rf_mean": 0.3394717172211922,
      "pi_rf_std": 0.008228938534061663
    }
  },
  "DS2OS": {
    "sourceID": {
      "shap": 0.044008884459749556,
      "pi_rf_mean": 0.24519182001898,
      "pi_rf_std": 0.00638350001969675
    },
    "sourceAddress": {
      "shap": 0.021336631936381606,
      "pi_rf_mean": 0.005260203267668628,
      "pi_rf_std": 0.0009957270792592292
    },
    "sourceType": {
      "shap": 0.018159736413507276,
      "pi_rf_mean": 0.000939960749982971,
      "pi_rf_std": 0.0004335100153678332
    },
    "sourceLocation": {
      "shap": 0.02030153456870561,
      "pi_rf_mean": 0.004299665183698986,
      "pi_rf_std": 0.0009101414816080824
    },
    "destinationServiceAddress": {
      "shap": 0.02395502907101305,
      "pi_rf_mean": 4.04384044812911e-05,
      "pi_rf_std": 8.08768089625822e-05
    },
    "destinationServiceType": {
      "shap": 0.023774678609735065,
      "pi_rf_mean": 0.039624749121095204,
      "pi_rf_std": 0.0031218047030495914
    },
    "destinationLocation": {
      "shap": 0.01541244295496152,
      "pi_rf_mean": 0.004323545049299016,
      "pi_rf_std": 0.0014327207197646354
    },
    "accessedNodeAddress": {
      "shap": 0.024098188916067898,
      "pi_rf_mean": 0.00043836334730310564,
      "pi_rf_std": 0.00015705978554492528
    },
    "accessedNodeType": {
      "shap": 0.030525859899543494,
      "pi_rf_mean": 0.12237652973532512,
      "pi_rf_std": 0.0023594521030875213
    },
    "operation": {
      "shap": 0.03650077201293743,
      "pi_rf_mean": 0.1873484551752161,
      "pi_rf_std": 0.003352843834528295
    },
    "value": {
      "shap": 0.024655217173197266,
      "pi_rf_mean": 0.0536896322967802,
      "pi_rf_std": 0.0027010386567120886
    }
  }
}