{
  "NSL-KDD": {
    "src_bytes": {
      "shape": 2.125410511244613,
      "pi_ebm_mean": 0.30183495461773496,
      "pi_ebm_std": 0.02054317857769043
    },
    "service": {
      "shape": 2.3182392026023284,
      "pi_ebm_mean": 0.20683586575081808,
      "pi_ebm_std": 0.047931274622792945
    },
    "dst_bytes": {
      "shape": 1.0705849657688102,
      "pi_ebm_mean": 0.19478520460320756,
      "pi_ebm_std": 0.04978444211731473
    },
    "flag": {
      "shape": 2.161836538107005,
      "pi_ebm_mean": 0.039851435990382475,
      "pi_ebm_std": 0.059257774679601326
    },
    "diff_srv_rate": {
      "shape": 0.6533112648658538,
      "pi_ebm_mean": 0.05446295172715141,
      "pi_ebm_std": 0.013683810667125665
    },
    "same_srv_rate": {
      "shape": 1.6110749989441846,
      "pi_ebm_mean": 0.059578540809576544,
      "pi_ebm_std": 0.05404699810404784
    },
    "dst_host_srv_count": {
      "shape": 1.2086814335587173,
      "pi_ebm_mean": 0.10531742674576527,
      "pi_ebm_std": 0.03799777865692613
    },
    "dst_host_same_srv_rate": {
      "shape": 0.6757687694335877,
      "pi_ebm_mean": 0.08893247770674546,
      "pi_ebm_std": 0.010846199179054076
    }
  },
  "Mirai": {
    "n_pkts": {
      "shape": 0.07670462997213703,
      "pi_ebm_mean": 0.006241417528308912,
      "pi_ebm_std": 0.00046024064148244485
    },
    "n_bytes": {
      "shape": 2.0827996168761036,
      "pi_ebm_mean": 0.013916055586327058,
      "pi_ebm_std": 0.001483647101298837
    },
    "f_pkts": {
      "shape": 0.628502539731292,
      "pi_ebm_mean": 0.0042054632980219496,
      "pi_ebm_std": 0.0003279451786905414
    },
    "f_bytes": {
      "shape": 1.56737873799664,
      "pi_ebm_mean": 0.008534576585144237,
      "pi_ebm_std": 0.0007591022345945492
    },
    "b_pkts": {
      "shape": 0.20225078305658065,
      "pi_ebm_mean": 0.0007638854048259925,
      "pi_ebm_std": 0.0003497592023636475
    },
    "b_bytes": {
      "shape": 0.15726332804995657,
      "pi_ebm_mean": 0.0007172865277700003,
      "pi_ebm_std": 0.0002993027940177216
    },
    "avg_pkt_size": {
      "shape": 1.9992500686196395,
      "pi_ebm_mean": 0.25611681490968985,
      "pi_ebm_std": 0.005740943937658886
    },
    "duration": {
      "shape": 0.3175356437125545,
      "pi_ebm_mean": 0.0014009849139966057,
      "pi_ebm_std": 0.0004806657325176019
    },
    "state": {
      "shape": 2.5108044033257113,
      "pi_ebm_mean": 0.063516750217877,
      "pi_ebm_std": 0.0039661528200527485
    }
  },
  "DS2OS": {
    "sourceID": {
      "shape": 2.898208243457496,
      "pi_ebm_mean": 0.3315768144424613,
      "pi_ebm_std": 0.015639002455630765
    },
    "sourceAddress": {
      "shape": 1.5468566139669158,
      "pi_ebm_mean": 0.10889106876623189,
      "pi_ebm_std": 0.008595617369463397
    },
    "sourceType": {
      "shape": 0.4488991692224476,
      "pi_ebm_mean": 0.01658932176088309,
      "pi_ebm_std": 0.0015461853234281604
    },
    "sourceLocation": {
      "shape": 1.066021233137216,
      "pi_ebm_mean": 0.0953593514875395,
      "pi_ebm_std": 0.005620866248798288
    },
    "destinationServiceAddress": {
      "shape": 0.5245566414598112,
      "pi_ebm_mean": 0.002289914446742114,
      "pi_ebm_std": 0.0008630337205567151
    },
    "destinationServiceType": {
      "shape": 1.4478793972963653,
      "pi_ebm_mean": 0.2129757609921846,
      "pi_ebm_std": 0.006407759209462051
    },
    "destinationLocation": {
      "shape": 1.1571936236246687,
      "pi_ebm_mean": 0.17310947460834658,
      "pi_ebm_std": 0.004060419039951615
    },
    "accessedNodeAddress": {
      "shape": 0.6775029477731174,
      "pi_ebm_mean": 0.04158552345009291,
      "pi_ebm_std": 0.007474568032917395
    },
    "accessedNodeType": {
      "shape": 1.4140021311909774,
      "pi_ebm_mean": 0.2086330140113611,
      "pi_ebm_std": 0.00462350099312778
    },
    "operation": {
      "shape": 2.7409925117316742,
      "pi_ebm_mean": 0.28544730659477496,
      "pi_ebm_std": 0.011000177861603799
    },
    "value": {
      "shape": 0.0010848662855773288,
      "pi_ebm_mean": 0.00023703491221692684,
      "pi_ebm_std": 0.00023167956298839084
    }
  }
}